{
    "total_params": 236574,
    "effective_params": 191250,
    "compression_ratio": 0.8084151259225443,
    "current_complexity": 0.915740436215036,
    "total_active_ranks": 669,
    "active_tasks": 7,
    "task_configs": {
        "Locomotion": 5,
        "HL_Activity": 6,
        "LL_Left_Arm": 6,
        "LL_Left_Arm_Object": 11,
        "LL_Right_Arm": 10,
        "LL_Right_Arm_Object": 22,
        "ML_Both_Arms": 18
    },
    "fusion_type": "mlp",
    "class_mappings": {
        "Locomotion": {
            "0": 0,
            "1": 1,
            "2": 2,
            "3": 3,
            "4": 4
        },
        "HL_Activity": {
            "0": 0,
            "1": 1,
            "2": 2,
            "3": 3,
            "4": 4,
            "5": 5
        },
        "LL_Left_Arm": {
            "0": 0,
            "1": 1,
            "2": 2,
            "3": 3,
            "4": 4,
            "5": 5
        },
        "LL_Left_Arm_Object": {
            "0": 0,
            "1": 1,
            "2": 2,
            "3": 3,
            "4": 4,
            "5": 5,
            "6": 6,
            "7": 7,
            "8": 8,
            "9": 9,
            "10": 10
        },
        "LL_Right_Arm": {
            "0": 0,
            "1": 1,
            "2": 2,
            "3": 3,
            "4": 4,
            "5": 5,
            "6": 6,
            "7": 7,
            "8": 8,
            "9": 9
        },
        "LL_Right_Arm_Object": {
            "0": 0,
            "1": 1,
            "2": 2,
            "3": 3,
            "4": 4,
            "5": 5,
            "6": 6,
            "7": 7,
            "8": 8,
            "9": 9,
            "10": 10,
            "11": 11,
            "12": 12,
            "13": 13,
            "14": 14,
            "15": 15,
            "16": 16,
            "17": 17,
            "18": 18,
            "19": 19,
            "20": 20,
            "21": 21
        },
        "ML_Both_Arms": {
            "0": 0,
            "1": 1,
            "2": 2,
            "3": 3,
            "4": 4,
            "5": 5,
            "6": 6,
            "7": 7,
            "8": 8,
            "9": 9,
            "10": 10,
            "11": 11,
            "12": 12,
            "13": 13,
            "14": 14,
            "15": 15,
            "16": 16,
            "17": 17
        }
    }
}